{
  "max_length": 1280,
  "training_window": 64,
  "chunk_size": 16,
  "chunk_stride": 16,
  "x_mode": "end",
  "chunk_x": [
    16,
    32,
    48,
    64,
    80,
    96,
    112,
    128,
    144,
    160,
    176,
    192,
    208,
    224,
    240,
    256,
    272,
    288,
    304,
    320,
    336,
    352,
    368,
    384,
    400,
    416,
    432,
    448,
    464,
    480,
    496,
    512,
    528,
    544,
    560,
    576,
    592,
    608,
    624,
    640,
    656,
    672,
    688,
    704,
    720,
    736,
    752,
    768,
    784,
    800,
    816,
    832,
    848,
    864,
    880,
    896,
    912,
    928,
    944,
    960,
    976,
    992,
    1008,
    1024,
    1040,
    1056,
    1072,
    1088,
    1104,
    1120,
    1136,
    1152,
    1168,
    1184,
    1200,
    1216,
    1232,
    1248,
    1264
  ],
  "chunk_centers": [
    8,
    24,
    40,
    56,
    72,
    88,
    104,
    120,
    136,
    152,
    168,
    184,
    200,
    216,
    232,
    248,
    264,
    280,
    296,
    312,
    328,
    344,
    360,
    376,
    392,
    408,
    424,
    440,
    456,
    472,
    488,
    504,
    520,
    536,
    552,
    568,
    584,
    600,
    616,
    632,
    648,
    664,
    680,
    696,
    712,
    728,
    744,
    760,
    776,
    792,
    808,
    824,
    840,
    856,
    872,
    888,
    904,
    920,
    936,
    952,
    968,
    984,
    1000,
    1016,
    1032,
    1048,
    1064,
    1080,
    1096,
    1112,
    1128,
    1144,
    1160,
    1176,
    1192,
    1208,
    1224,
    1240,
    1256
  ],
  "chunk_ends": [
    16,
    32,
    48,
    64,
    80,
    96,
    112,
    128,
    144,
    160,
    176,
    192,
    208,
    224,
    240,
    256,
    272,
    288,
    304,
    320,
    336,
    352,
    368,
    384,
    400,
    416,
    432,
    448,
    464,
    480,
    496,
    512,
    528,
    544,
    560,
    576,
    592,
    608,
    624,
    640,
    656,
    672,
    688,
    704,
    720,
    736,
    752,
    768,
    784,
    800,
    816,
    832,
    848,
    864,
    880,
    896,
    912,
    928,
    944,
    960,
    976,
    992,
    1008,
    1024,
    1040,
    1056,
    1072,
    1088,
    1104,
    1120,
    1136,
    1152,
    1168,
    1184,
    1200,
    1216,
    1232,
    1248,
    1264
  ],
  "chunk_ppl_ttt": [
    5181.277125803021,
    4394.307965117554,
    5872.287301472681,
    5550.689308075808,
    5503.587135000959,
    4399.239038397982,
    4463.933940008274,
    3191.4104046985312,
    4527.144559610772,
    4474.674832067652,
    3509.239414841811,
    3947.380585933931,
    4820.076334465662,
    4282.8800940821,
    4500.386856330078,
    3236.4412136290207,
    3060.0891876738115,
    4308.771911315912,
    4148.133771050282,
    4087.1269058354233,
    3837.6261062908566,
    3599.3446999307776,
    3881.8557467321084,
    3301.5838695280563,
    3658.537387360524,
    3246.035937513444,
    3272.1938542704506,
    3766.3869791821594,
    3370.1454465901043,
    2755.547578630798,
    2976.685385867996,
    3108.6580321476417,
    3196.930114352352,
    3414.0366372345543,
    3766.9042492394506,
    3092.241808866351,
    2819.9036813875055,
    3844.7181121072213,
    3034.9321152264515,
    3233.528858522858,
    2934.384294033872,
    3607.26211145513,
    3133.8523533132884,
    3694.8349433332073,
    2678.2364567043896,
    2919.111078744561,
    2964.0851985968884,
    2869.5602169503895,
    3003.3295632704408,
    2657.2320657207447,
    2929.194970478095,
    2296.0663077827126,
    2175.863038355083,
    2539.265454261555,
    2618.5914709966337,
    2367.505824284484,
    2569.119107420108,
    2781.1882541745335,
    2232.157480860037,
    2206.960123476245,
    2449.675724667001,
    2452.1439869474534,
    2266.7553717549567,
    2219.8617436958234,
    2154.717792190486,
    2275.557755865868,
    1918.962193988713,
    2150.7759960003764,
    2354.5363806262417,
    1800.5538830843254,
    1884.3171898930896,
    2095.3186845123437,
    2007.9275478998973,
    1907.6929327520168,
    1754.4481955476651,
    1521.6882428855301,
    1710.1492690002353,
    1709.836159983564,
    1501.3003537727402
  ],
  "chunk_ppl_sw": [
    5181.277125803021,
    4394.307965117554,
    5872.287301472681,
    5550.689308075808,
    5437.186389780691,
    3861.930924560709,
    4475.22109036302,
    4151.505626012276,
    5323.627859046172,
    3975.2758713173794,
    4404.86452342115,
    3946.2062318246576,
    5337.2923611227925,
    4320.358871956484,
    5091.597876126069,
    4160.812206611007,
    4087.43874076747,
    4675.557845130099,
    4610.0991284260035,
    4849.659708913553,
    4413.105803408682,
    3994.9472117406094,
    4616.364044626262,
    4096.617327633086,
    4033.043622997957,
    4567.178974150848,
    4622.425871857102,
    5344.463949365023,
    4580.15965532619,
    4283.206864366917,
    4469.82971060452,
    4752.231750539574,
    4596.191930526282,
    4677.555885752665,
    4956.037535187306,
    5059.805141490422,
    4272.110648838719,
    4776.950337598991,
    4987.901243628355,
    4895.607972451029,
    5567.63330238515,
    4970.123416975911,
    5003.299046826926,
    4776.513014752966,
    5097.311413374926,
    5024.107844734251,
    4883.5213472137475,
    5064.594209429723,
    5848.913698792148,
    3767.709032759553,
    5126.796750990636,
    5076.664182896188,
    3783.609918915671,
    4687.845018348487,
    5040.0788306905515,
    4343.7589134494,
    5089.384146396843,
    5530.378154843244,
    5167.322094953125,
    4682.55472364608,
    4998.873037129931,
    5363.335249520903,
    4911.770018718946,
    4965.726755046869,
    4695.146844648754,
    4317.459213894495,
    4459.1344690139285,
    5166.691356828189,
    5433.516432950621,
    4244.042375028489,
    4797.988988784288,
    4538.7646761692295,
    4128.054557148267,
    5031.933436803201,
    5273.742838411638,
    4847.144363675262,
    3574.7146186831787,
    4396.169047068264,
    4719.280455518148
  ],
  "num_sequences": 64
}